Epochs,Losses
1.0,0.24453793466091156
50.0,0.10571639239788055
100.0,0.07906152307987213
200.0,0.050223611295223236
500.0,0.026969432830810547
1000.0,0.03984358534216881
